concept_id	category_id	category_ja	canonical_en	preferred_ja	working_definition_ja	concept_kind	priority	jurisdiction_scope	discipline_scope	translation_status	verification_status	source_required	public_ready	notes
MEET-001	MEET	開催・日程・公式文書	Race meeting	競馬開催	同一開催日・開催地などでまとめられる競走の集合。	concept	P0	GLOBAL	ALL	working_equivalent	source_verified	yes	no	P0-SRC-030 supports race meeting as a raceday operational unit; France-specific Meeting-series sense remains separately modeled as MEET-042.
MEET-003	MEET	開催・日程・公式文書	Fixture	開催予定	主に英国系で予定された開催単位を指す語。Meetingと完全同義とは限らない。	concept	P0	GB/IRE/Commonwealth	ALL	working_equivalent	source_verified	yes	no	P0-SRC-031 verifies Fixture as a scheduled BHA unit; REL-012 preserves relation rather than identity with Race meeting.
MEET-004	MEET	開催・日程・公式文書	Race day	開催日	競馬が行われる一日またはその日の開催。	concept	P0	GLOBAL	ALL	working_equivalent	source_verified	yes	no	P0-SRC-030 and P0-SRC-031 verify current raceday usage; do not globally collapse into Race meeting.
MEET-006	MEET	開催・日程・公式文書	Racing calendar	開催カレンダー	一定期間の開催日・開催地等を示す日程情報。	concept	P0	GLOBAL	ALL	working_equivalent	source_verified	yes	no	P0-SRC-032 verifies an authority-published annual racing schedule/calendar implementation; format and scope vary by jurisdiction.
MEET-007	MEET	開催・日程・公式文書	Season	シーズン	制度・地域で定める年間または季節的開催期間。	concept	P1	GLOBAL	ALL	working_equivalent	candidate	yes	no	
MEET-008	MEET	開催・日程・公式文書	Meeting number	開催回	日本等で一連の開催に付与される回次・番号。番号体系の単位とリセット規則は管轄ごとに異なる。	concept	P1	Japan/Regional	ALL	working_equivalent	source_verified	yes	no	MS-SRC-001;MS-SRC-002 verify current JRA usage such as 1回中山 and 第1回中山第1日; do not generalize the numbering scheme globally.
MEET-009	MEET	開催・日程・公式文書	Day number	開催日次	同一開催回の中で第何日目かを示す日次番号。制度・表記は管轄ごとに異なる。	concept	P2	Japan/Regional	ALL	working_equivalent	source_verified	yes	no	MS-SRC-001;MS-SRC-002 verify JRA 第1日 and 第1日から第6日 usage within numbered meetings.
MEET-010	MEET	開催・日程・公式文書	Card	カード／当日番組	一開催日に組まれた複数競走の集合。	concept	P0	GLOBAL	ALL	working_equivalent	source_verified	yes	no	P0-SRC-033 verifies USTA race cards as date/track groupings of races; keep distinct from Racecard document sense.
MEET-011	MEET	開催・日程・公式文書	Racecard	出馬表／レーシングカード	特定開催・競走の出走予定情報をまとめた文書・ページ。	concept	P0	GLOBAL	ALL	working_equivalent	source_verified	yes	no	P0-SRC-012 and P0-SRC-033 support official racecard/runner-information documents; presentation varies by authority.
MEET-012	MEET	開催・日程・公式文書	Programme	開催番組	競走条件・日程等をまとめた公式文書。	concept	P0	GB/IRE/Europe/Global	ALL	working_equivalent	source_verified	yes	no	P0-SRC-030 and P0-SRC-032 support authority-published race programmes; Programme remains distinct from a single Racecard.
MEET-013	MEET	開催・日程・公式文書	Program	プログラム	Programmeの米式綴り、または当日番組冊子等。	concept	P1	North America	ALL	working_equivalent	candidate	yes	no	Seed conflates an orthographic variant of Programme with possible printed-racecard senses; keep under review rather than forcing one Concept identity.
MEET-014	MEET	開催・日程・公式文書	Condition book	競走条件書	主に北米で、開催期間に予定する競走の条件・資格・賞金等をまとめ、ホースマン向けに公表される競走条件文書。	concept	P1	North America/Regional	Flat	working_equivalent	source_verified	yes	no	MS-SRC-003 verifies current NYRA Condition Book / Condition Books usage and 2026 operational publication. Former MEET-015 duplicate is retired into this Concept.
MEET-016	MEET	開催・日程・公式文書	Fixture list	開催一覧	一定期間の開催予定を一覧化した文書。	concept	P0	GB/IRE/Commonwealth	ALL	working_equivalent	source_verified	yes	no	P0-SRC-031 directly verifies BHA Fixture List publication.
MEET-017	MEET	開催・日程・公式文書	Entries list	登録馬一覧	各競走への登録馬を示す公式一覧。	concept	P0	GLOBAL	ALL	working_equivalent	source_verified	yes	no	P0-SRC-033 and P0-SRC-010 support authority entry listings/entry information; procedures differ by system.
MEET-018	MEET	開催・日程・公式文書	Declarations list	出走確定一覧	最終申告・出走確定馬を示す公式一覧。	concept	P0	Europe/Regional	ALL	working_equivalent	source_verified	yes	no	P0-SRC-026 verifies official BHA declarations and their publication after formal checks.
MEET-019	MEET	開催・日程・公式文書	Acceptances	出走確定一覧	主に豪州等で確定出走馬を示す公式情報。	concept	P0	AUS/NZ	ALL	working_equivalent	source_verified	yes	no	P0-SRC-011 verifies Racing Australia acceptance release/field operations; keep regional scope.
MEET-020	MEET	開催・日程・公式文書	Weights	負担重量発表	主に豪州等の公式番組・出走手続で、ハンデ等に基づく負担重量の発表またはその発表段階を指す用法。	concept	P1	AUS/Regional	ALL	working_equivalent	source_verified	yes	no	MS-SRC-004 exposes a current official Weights declared deadline. This MEET Concept is the publication/stage sense, distinct from horse-level weight Concepts.
MEET-021	MEET	開催・日程・公式文書	Barrier draw	枠順抽選／枠順発表	主に豪州等で出走馬へバリア番号を割り当てる抽選、またはその公式発表・実施段階。	concept	P1	AUS/NZ/Asia/Regional	Flat	working_equivalent	source_verified	yes	no	P0-SRC-067 verifies barrier-number assignment and random-draw controls; MS-SRC-004 confirms a current 2026 Barrier Draw as an official programme stage.
MEET-022	MEET	開催・日程・公式文書	Draw	枠順／抽選	出走馬のスタート位置を割り当てる抽選、またはその割当結果を指す語。手続・呼称は管轄で異なる。	concept	P0	GLOBAL/Regional	Flat	working_equivalent	source_verified	yes	no	P0-SRC-064;P0-SRC-067 support Draw/Barrier Position and random barrier-number assignment; procedures and labels remain jurisdiction-specific.
MEET-023	MEET	開催・日程・公式文書	Official notice	公式告知	競馬主催者・当局が開催変更・中止・規則・運用等について公式に発表する告知類の記述的総称。	concept	P0	GLOBAL/Regional	ALL	working_equivalent	source_verified	yes	no	P0-SRC-068 verifies an authority-issued operational notice in current JRA practice. Treat Official notice as a descriptive document class, not a universal formal publication title.
MEET-024	MEET	開催・日程・公式文書	Bulletin	公報／速報	競馬当局等が発行する公式公報・更新情報。	concept	P2	Regional	ALL	working_equivalent	candidate	yes	no	
MEET-025	MEET	開催・日程・公式文書	Stewards' report	裁決報告	審議・制裁・競走中の事象等をまとめた公式報告。	concept	P0	GLOBAL	ALL	working_equivalent	source_verified	yes	no	P0-SRC-034 verifies BHA Stewards reports as authority-published incident/enquiry records; terminology varies by jurisdiction.
MEET-026	MEET	開催・日程・公式文書	Official results	公式結果	主催者・当局が発表する確定結果。	concept	P0	GLOBAL	ALL	working_equivalent	source_verified	yes	no	P0-SRC-035 verifies an authority state where all uncancelled races have official results; RESULT-002 remains the result-level concept.
MEET-027	MEET	開催・日程・公式文書	Post time	発走予定時刻	主に北米でレースの予定発走時刻を示す語。	concept	P0	North America	Flat	working_equivalent	source_verified	yes	no	P0-SRC-033 verifies approximate post times on USTA entries. Keep distinct from actual Off time.
MEET-028	MEET	開催・日程・公式文書	Off time	実発走時刻	競走が実際に正式発走した時刻。予定発走時刻とは別の実績時刻として扱う。	concept	P0	GB/IRE/North America/Regional	ALL	working_equivalent	source_verified	yes	no	USCA-SRC-001; REL-SRC-004; REL-SRC-005. ARCI and BHA evidence distinguish actual off time from scheduled off time.
MEET-029	MEET	開催・日程・公式文書	Scheduled start time	発走予定時刻	事前に公表されたレース開始予定時刻。	concept	P0	GLOBAL	ALL	working_equivalent	source_verified	yes	no	P0-SRC-032 plus REL-SRC-004/REL-SRC-005 support published scheduled race times distinct from actual off time.
MEET-030	MEET	開催・日程・公式文書	First post	第1競走発走時刻	主に北米で、開催日の第1競走に設定された予定発走時刻を示す語。	concept	P1	North America	Flat	working_equivalent	source_verified	yes	no	P0-SRC-066 exposes 1st Post Local as a current Equibase meeting-level field, supporting the first scheduled post-time sense.
MEET-031	MEET	開催・日程・公式文書	Local time	現地時刻	競馬場所在地の現地時刻として表した開催・発走時刻。UTC/GMT等の基準時とは区別して扱う。	concept	P0	GLOBAL	ALL	working_equivalent	source_verified	yes	no	P0-SRC-064;P0-SRC-066 verify local post-time semantics in IFHA data exchange and current Equibase meeting data.
MEET-032	MEET	開催・日程・公式文書	Time zone	タイムゾーン	現地時刻を解釈するための標準時・地域区分。競馬日程データではLocal timeと分離して保持し得る。	concept	P0	GLOBAL	ALL	working_equivalent	source_verified	yes	no	P0-SRC-064;P0-SRC-066 verify explicit time-zone handling in international/current racing data; this is a racing-data semantic, not a racing-rule term.
MEET-033	MEET	開催・日程・公式文書	Daylight saving time	夏時間	季節に応じて標準時から時刻を進める制度。	concept	P1	Regional	ALL	working_equivalent	candidate	yes	no	Generic civil-time concept; retain under review until its independent value in the racing dictionary is justified rather than merely inheriting from Time zone.
MEET-034	MEET	開催・日程・公式文書	Postponed	延期	予定されていた開催・競走を当初日時には実施せず、後日の実施対象として繰り延べた状態。	concept	P0	GLOBAL/Regional	ALL	working_equivalent	source_verified	yes	no	P0-SRC-069 explicitly describes BHA fixtures as postponed and then rescheduled; keep Postponed distinct from Rescheduled and simple Delayed.
MEET-035	MEET	開催・日程・公式文書	Abandoned	開催中止／打切り	開催または残りの競走を取りやめること。	concept	P0	GB/IRE/Commonwealth/Regional	ALL	working_equivalent	source_verified	yes	no	P0-SRC-030 verifies BHA use of abandoned fixtures; exact distinction from cancelled/postponed remains jurisdiction-specific.
MEET-036	MEET	開催・日程・公式文書	Cancelled	中止	予定された開催・競走を実施しないこと。	concept	P0	GLOBAL	ALL	working_equivalent	source_verified	yes	no	P0-SRC-035 explicitly defines CANCELLED card status as the entire card cancelled; broader global usage remains scope-aware.
MEET-037	MEET	開催・日程・公式文書	Rescheduled	日程変更	開催日・時刻を別の予定へ変更すること。	concept	P0	GLOBAL	ALL	working_equivalent	source_verified	yes	no	P0-SRC-030 verifies BHA re-scheduling of races/fixtures; keep separate from simple delay.
MEET-038	MEET	開催・日程・公式文書	Delayed	遅延	予定時刻より開始が遅れている状態。	concept	P0	GLOBAL	ALL	working_equivalent	source_verified	yes	no	REL-SRC-004 and REL-SRC-005 verify actual off-times measured against scheduled off-times and late starts; delay is not rescheduling.
