definition_id	concept_id	jurisdiction	authority	discipline	effective_scope	definition_ja_summary	verification_status	source_id	note
GBIRE-DEF-001	RTYPE-001	IRE	IHRB	Flat	current_rules	Rules of Racing下では、認定された競馬規則のFlat Raceをまだ勝っていない馬をMaidenとして扱う。	source_verified	GBIRE-SRC-008	Do not reuse this definition for I.N.H.S. races.
GBIRE-DEF-002	RTYPE-001	IRE	IHRB	Jump	I.N.H.S._current_rules	I.N.H.S.ではSteeplechase/Hurdleの勝利歴を基礎にMaidenを判定するが、Academy Hurdle、Junior N.H. Hurdle、I.N.H./National Hunt Flat Race、match/private sweepstakes、Point-to-Point等に例外がある。	source_verified	GBIRE-SRC-008	Jurisdiction/system-specific definition; materially different from Flat Maiden.
GBIRE-DEF-003	RTYPE-006	IRE	IHRB	Jump	current_rules	Irish National Hunt Flat RaceはI.N.H.S. Rulesの下で行われるFlat Raceで、I.N.H. Flat Raceという名称も公式に認められる。	source_verified	GBIRE-SRC-008	Supports official regional label mapping.
GBIRE-DEF-004	RTYPE-042	IRE	IHRB	Jump	2026_safety_limits	2026年のSafety LimitsではJuvenile Hurdleを年内の3歳ハードルと、PunchestownのNH season終了までの4歳限定ハードルとして扱う。	source_verified	GBIRE-SRC-008	Operational safety-limit scope, not necessarily the universal statutory definition.
GBIRE-DEF-005	RTYPE-003	IRE	IHRB	Jump	2026-2027_NH_season	2026/27 NH seasonのHurdle Noviceは原則として2026年5月3日以前にハードルを勝っていない馬を基礎とし、Academy/Junior NH Hurdleや一定期間の初勝利に特則がある。	source_verified	GBIRE-SRC-010	Time-bound seasonal definition; must carry effective scope.
GBIRE-DEF-006	SURF-011	GB	BHA	Flat/Jump	current_BHA_going_taxonomy	BHAの公式GoingはHard、Firm、Good to Firm、Good、Good to Soft、Soft、Heavyを基本区分とし、場所別・括弧内修飾を追加できる。	source_verified	GBIRE-SRC-003	Base conditions and qualified descriptions must be modeled separately.
GBIRE-DEF-007	WEIGHT-007	GB	BHA	Flat	from_2025-03-29	Flat Apprenticeのclaimは7lb、5lb、3lbの段階制で、2025年改定後は5lb区分が60勝までに延長された。	source_verified	GBIRE-SRC-004	Supersedes older BHA pages that still show 50 winners.
GBIRE-DEF-008	ROLE-003	GB	BHA	Jump	from_2025-05-01	Jump Conditionalのclaimは経験に応じた段階制で、2025年改定後は5lb区分が50勝までに延長された。雇用Trainer騎乗時の追加claim制度もある。	source_verified	GBIRE-SRC-004	Supersedes older BHA pages that still show 40 winners.
GBIRE-DEF-009	WEIGHT-024	GB	BHA	Flat/Jump	from_2026-01-07	BHAでは2026年1月7日から、ハンデ競走で15lb以上out of the handicapとなる馬の出走を防ぐ新ルールを適用している。	source_verified	GBIRE-SRC-006	Current GB rule fact; not a global definition.
